series,date,nearest_crisis,days_to_crisis_peak
bank_rate_daily,1855-04-05,1857,952
bank_rate_daily,1855-04-30,1857,927
bank_rate_daily,1855-06-14,1857,882
bank_rate_daily,1855-09-07,1857,797
bank_rate_daily,1855-09-27,1857,777
bank_rate_daily,1855-10-17,1857,757
bank_rate_daily,1856-05-19,1857,542
bank_rate_daily,1856-05-29,1857,532
bank_rate_daily,1856-06-23,1857,507
bank_rate_daily,1856-10-01,1857,407
bank_rate_daily,1856-10-26,1857,382
bank_rate_daily,1856-12-15,1857,332
bank_rate_daily,1857-03-30,1857,227
bank_rate_daily,1857-06-18,1857,147
bank_rate_daily,1857-07-13,1857,122
bank_rate_daily,1857-10-16,1857,27
bank_rate_daily,1857-11-10,1857,2
bank_rate_daily,1857-12-25,1857,43
bank_rate_daily,1858-01-09,1857,58
bank_rate_daily,1858-02-03,1857,83
bank_rate_daily,1858-12-10,1857,393
bank_rate_daily,1859-04-29,1857,533
bank_rate_daily,1859-06-03,1857,568
bank_rate_daily,1859-07-13,1857,608
bank_rate_daily,1860-01-29,1857,808
bank_rate_daily,1860-03-29,1857,868
bank_rate_daily,1860-05-23,1857,923
bank_rate_daily,1860-11-14,1857,1098
bank_rate_daily,1860-11-29,1857,1113
bank_rate_daily,1861-01-03,1857,1148
bank_rate_daily,1861-02-12,1857,1188
bank_rate_daily,1861-03-19,1857,1223
bank_rate_daily,1861-04-08,1857,1243
bank_rate_daily,1861-05-13,1857,1278
bank_rate_daily,1861-08-01,1857,1358
bank_rate_daily,1861-08-26,1857,1383
bank_rate_daily,1861-09-20,1857,1408
bank_rate_daily,1861-11-04,1857,1453
bank_rate_daily,1862-01-08,1857,1518
bank_rate_daily,1862-05-18,1866,1454
bank_rate_daily,1862-07-22,1866,1389
bank_rate_daily,1862-10-30,1866,1289
bank_rate_daily,1863-01-13,1866,1214
bank_rate_daily,1863-01-28,1866,1199
bank_rate_daily,1863-02-17,1866,1179
bank_rate_daily,1863-04-23,1866,1114
bank_rate_daily,1863-05-18,1866,1089
bank_rate_daily,1863-11-04,1866,919
bank_rate_daily,1863-11-29,1866,894
bank_rate_daily,1863-12-24,1866,869
bank_rate_daily,1864-01-18,1866,844
bank_rate_daily,1864-02-12,1866,819
bank_rate_daily,1864-02-22,1866,809
bank_rate_daily,1864-04-17,1866,754
bank_rate_daily,1864-05-02,1866,739
bank_rate_daily,1864-05-22,1866,719
bank_rate_daily,1864-06-16,1866,694
bank_rate_daily,1864-07-26,1866,654
bank_rate_daily,1864-08-05,1866,644
bank_rate_daily,1864-09-09,1866,609
bank_rate_daily,1864-11-08,1866,549
bank_rate_daily,1864-11-23,1866,534
bank_rate_daily,1864-12-13,1866,514
bank_rate_daily,1865-01-22,1866,474
bank_rate_daily,1865-03-03,1866,434
bank_rate_daily,1865-06-01,1866,344
bank_rate_daily,1865-07-31,1866,284
bank_rate_daily,1865-10-04,1866,219
bank_rate_daily,1865-11-23,1866,169
bank_rate_daily,1865-12-28,1866,134
bank_rate_daily,1866-01-02,1866,129
bank_rate_daily,1866-02-21,1866,79
bank_rate_daily,1866-03-13,1866,59
bank_rate_daily,1866-05-02,1866,9
bank_rate_daily,1866-05-12,1866,1
bank_rate_daily,1866-08-15,1866,96
bank_rate_daily,1866-09-04,1866,116
bank_rate_daily,1866-09-24,1866,136
bank_rate_daily,1866-11-08,1866,181
bank_rate_daily,1866-12-18,1866,221
bank_rate_daily,1867-02-06,1866,271
bank_rate_daily,1867-05-27,1866,381
bank_rate_daily,1867-07-26,1866,441
bank_rate_daily,1868-11-17,1866,921
bank_rate_daily,1868-12-02,1866,936
bank_rate_daily,1869-04-01,1866,1056
bank_rate_daily,1869-05-06,1866,1091
bank_rate_daily,1869-06-10,1866,1126
bank_rate_daily,1869-07-15,1866,1161
bank_rate_daily,1869-08-19,1866,1196
bank_rate_daily,1869-11-02,1866,1271
bank_rate_daily,1870-07-20,1866,1531
bank_rate_daily,1870-08-24,1866,1566
bank_rate_daily,1870-09-28,1866,1601
bank_rate_daily,1871-03-02,1866,1756
bank_rate_daily,1871-04-11,1866,1796
bank_rate_daily,1871-06-15,1866,1861
bank_rate_daily,1871-09-23,1866,1961
bank_rate_daily,1871-10-08,1866,1976
bank_rate_daily,1871-11-17,1866,2016
bank_rate_daily,1871-12-12,1866,2041
bank_rate_daily,1872-04-05,1866,2156
bank_rate_daily,1872-05-10,1866,2191
bank_rate_daily,1872-05-30,1866,2211
bank_rate_daily,1872-06-19,1866,2231
bank_rate_daily,1872-07-19,1866,2261
bank_rate_daily,1872-09-17,1866,2321
bank_rate_daily,1872-10-07,1866,2341
bank_rate_daily,1872-11-06,1866,2371
bank_rate_daily,1872-11-26,1866,2391
bank_rate_daily,1872-12-11,1866,2406
bank_rate_daily,1873-01-25,1866,2451
bank_rate_daily,1873-03-26,1866,2511
bank_rate_daily,1873-05-05,1866,2551
bank_rate_daily,1873-05-15,1866,2561
bank_rate_daily,1873-07-09,1866,2616
bank_rate_daily,1873-07-24,1866,2631
bank_rate_daily,1873-08-18,1866,2656
bank_rate_daily,1873-09-27,1866,2696
bank_rate_daily,1873-10-17,1866,2716
bank_rate_daily,1873-11-01,1866,2731
bank_rate_daily,1873-11-26,1866,2756
bank_rate_daily,1873-12-06,1866,2766
bank_rate_daily,1874-01-10,1866,2801
bank_rate_daily,1874-04-30,1866,2911
bank_rate_daily,1874-06-04,1866,2946
bank_rate_daily,1874-08-03,1866,3006
bank_rate_daily,1874-08-23,1866,3026
bank_rate_daily,1874-10-12,1866,3076
bank_rate_daily,1874-11-16,1866,3111
bank_rate_daily,1874-12-01,1866,3126
bank_rate_daily,1875-01-05,1866,3161
bank_rate_daily,1875-01-25,1866,3181
bank_rate_daily,1875-02-19,1866,3206
bank_rate_daily,1875-07-09,1866,3346
bank_rate_daily,1875-08-08,1866,3376
bank_rate_daily,1875-10-12,1866,3441
bank_rate_daily,1875-11-16,1866,3476
bank_rate_daily,1876-01-05,1866,3526
bank_rate_daily,1876-01-25,1866,3546
bank_rate_daily,1876-03-25,1866,3606
bank_rate_daily,1876-04-19,1866,3631
bank_rate_daily,1877-05-04,1866,4011
bank_rate_daily,1877-07-08,1866,4076
bank_rate_daily,1877-08-27,1866,4126
bank_rate_daily,1877-10-06,1866,4166
bank_rate_daily,1877-11-30,1866,4221
bank_rate_daily,1878-01-09,1866,4261
bank_rate_daily,1878-01-29,1866,4281
bank_rate_daily,1878-03-25,1866,4336
bank_rate_daily,1878-05-29,1866,4401
bank_rate_daily,1878-07-03,1866,4436
bank_rate_daily,1878-08-12,1866,4476
bank_rate_daily,1878-10-11,1890,4418
bank_rate_daily,1878-11-20,1890,4378
bank_rate_daily,1879-01-14,1890,4323
bank_rate_daily,1879-01-29,1890,4308
bank_rate_daily,1879-03-10,1890,4268
bank_rate_daily,1879-04-09,1890,4238
bank_rate_daily,1879-11-05,1890,4028
bank_rate_daily,1880-06-17,1890,3803
bank_rate_daily,1880-12-09,1890,3628
bank_rate_daily,1881-01-13,1890,3593
bank_rate_daily,1881-02-17,1890,3558
bank_rate_daily,1881-04-28,1890,3488
bank_rate_daily,1881-08-21,1890,3373
bank_rate_daily,1881-10-05,1890,3328
bank_rate_daily,1882-01-28,1890,3213
bank_rate_daily,1882-02-22,1890,3188
bank_rate_daily,1882-03-09,1890,3173
bank_rate_daily,1882-03-24,1890,3158
bank_rate_daily,1882-08-16,1890,3013
bank_rate_daily,1882-09-15,1890,2983
bank_rate_daily,1883-01-23,1890,2853
bank_rate_daily,1883-02-27,1890,2818
bank_rate_daily,1883-05-08,1890,2748
bank_rate_daily,1883-09-25,1890,2608
bank_rate_daily,1884-02-07,1890,2473
bank_rate_daily,1884-03-13,1890,2438
bank_rate_daily,1884-04-02,1890,2418
bank_rate_daily,1884-06-16,1890,2343
bank_rate_daily,1884-10-09,1890,2228
bank_rate_daily,1884-11-03,1890,2203
bank_rate_daily,1885-01-27,1890,2118
bank_rate_daily,1885-03-18,1890,2068
bank_rate_daily,1885-05-07,1890,2018
bank_rate_daily,1885-05-27,1890,1998
bank_rate_daily,1885-11-13,1890,1828
bank_rate_daily,1885-12-18,1890,1793
bank_rate_daily,1886-01-22,1890,1758
bank_rate_daily,1886-02-16,1890,1733
bank_rate_daily,1886-05-07,1890,1653
bank_rate_daily,1886-06-11,1890,1618
bank_rate_daily,1886-08-25,1890,1543
bank_rate_daily,1886-10-19,1890,1488
bank_rate_daily,1886-12-13,1890,1433
bank_rate_daily,1887-02-01,1890,1383
bank_rate_daily,1887-03-23,1890,1333
bank_rate_daily,1887-04-27,1890,1298
bank_rate_daily,1887-08-05,1890,1198
bank_rate_daily,1887-08-30,1890,1173
bank_rate_daily,1888-01-12,1890,1038
bank_rate_daily,1888-02-16,1890,1003
bank_rate_daily,1888-03-12,1890,978
bank_rate_daily,1888-05-11,1890,918
bank_rate_daily,1888-06-05,1890,893
bank_rate_daily,1888-08-09,1890,828
bank_rate_daily,1888-09-13,1890,793
bank_rate_daily,1888-10-03,1890,773
bank_rate_daily,1889-01-11,1890,673
bank_rate_daily,1889-01-26,1890,658
bank_rate_daily,1889-04-16,1890,578
bank_rate_daily,1889-08-09,1890,463
bank_rate_daily,1889-08-29,1890,443
bank_rate_daily,1889-09-23,1890,418
bank_rate_daily,1889-12-27,1890,323
bank_rate_daily,1890-02-20,1890,268
bank_rate_daily,1890-03-12,1890,248
bank_rate_daily,1890-04-16,1890,213
bank_rate_daily,1890-06-25,1890,143
bank_rate_daily,1890-07-30,1890,108
bank_rate_daily,1890-08-19,1890,88
bank_rate_daily,1890-09-23,1890,53
bank_rate_daily,1890-11-07,1890,8
bank_rate_daily,1890-12-02,1890,17
bank_rate_daily,1891-01-06,1890,52
bank_rate_daily,1891-01-26,1890,72
bank_rate_daily,1891-04-16,1890,152
bank_rate_daily,1891-05-11,1890,177
bank_rate_daily,1891-06-05,1890,202
bank_rate_daily,1891-06-20,1890,217
bank_rate_daily,1891-09-23,1890,312
bank_rate_daily,1891-10-28,1890,347
bank_rate_daily,1891-12-07,1890,387
bank_rate_daily,1892-01-21,1890,432
bank_rate_daily,1892-04-05,1890,507
bank_rate_daily,1892-04-25,1890,527
bank_rate_daily,1892-10-17,1890,702
bank_rate_daily,1893-01-25,1890,802
bank_rate_daily,1893-05-10,1890,907
bank_rate_daily,1893-06-09,1890,937
bank_rate_daily,1893-08-08,1890,997
bank_rate_daily,1893-08-23,1890,1012
bank_rate_daily,1893-09-12,1890,1032
bank_rate_daily,1893-10-02,1890,1052
bank_rate_daily,1894-01-30,1890,1172
bank_rate_daily,1894-02-19,1890,1192
bank_rate_daily,1896-09-11,1890,2127
bank_rate_daily,1896-10-21,1890,2167
bank_rate_daily,1897-02-03,1890,2272
bank_rate_daily,1897-04-09,1890,2337
bank_rate_daily,1897-05-14,1890,2372
bank_rate_daily,1897-09-21,1890,2502
bank_rate_daily,1897-10-11,1890,2522
bank_rate_daily,1898-04-04,1890,2697
bank_rate_daily,1898-05-24,1890,2747
bank_rate_daily,1898-06-28,1890,2782
bank_rate_daily,1898-09-21,1890,2867
bank_rate_daily,1898-10-11,1890,2887
bank_rate_daily,1899-01-29,1890,2997
bank_rate_daily,1899-07-13,1890,3162
bank_rate_daily,1899-10-01,1890,3242
bank_rate_daily,1899-11-30,1890,3302
bank_rate_daily,1900-01-09,1890,3342
bank_rate_daily,1900-01-24,1890,3357
bank_rate_daily,1900-05-24,1890,3477
bank_rate_daily,1900-06-13,1890,3497
bank_rate_daily,1900-07-18,1890,3532
bank_rate_daily,1901-01-04,1890,3702
bank_rate_daily,1901-02-18,1890,3747
bank_rate_daily,1901-06-08,1890,3857
bank_rate_daily,1901-10-21,1890,3992
bank_rate_daily,1902-02-03,1890,4097
bank_rate_daily,1902-10-01,1914,4327
bank_rate_daily,1903-05-19,1914,4097
bank_rate_daily,1903-06-18,1914,4067
bank_rate_daily,1903-09-01,1914,3992
bank_rate_daily,1904-04-18,1914,3762
bank_rate_daily,1905-03-09,1914,3437
bank_rate_daily,1905-09-05,1914,3257
bank_rate_daily,1905-09-25,1914,3237
bank_rate_daily,1906-06-22,1914,2967
bank_rate_daily,1906-09-10,1914,2887
bank_rate_daily,1906-10-10,1914,2857
bank_rate_daily,1906-10-20,1914,2847
bank_rate_daily,1907-01-18,1914,2757
bank_rate_daily,1907-04-23,1914,2662
bank_rate_daily,1907-08-16,1914,2547
bank_rate_daily,1907-10-30,1914,2472
bank_rate_daily,1907-11-04,1914,2467
bank_rate_daily,1908-01-03,1914,2407
bank_rate_daily,1908-01-23,1914,2387
bank_rate_daily,1908-03-18,1914,2332
bank_rate_daily,1908-05-27,1914,2262
bank_rate_daily,1909-01-12,1914,2032
bank_rate_daily,1909-04-02,1914,1952
bank_rate_daily,1909-10-09,1914,1762
bank_rate_daily,1909-10-19,1914,1752
bank_rate_daily,1909-12-08,1914,1702
bank_rate_daily,1910-01-07,1914,1672
bank_rate_daily,1910-02-06,1914,1642
bank_rate_daily,1910-03-18,1914,1602
bank_rate_daily,1910-06-01,1914,1527
bank_rate_daily,1910-09-29,1914,1407
bank_rate_daily,1910-10-19,1914,1387
bank_rate_daily,1910-11-28,1914,1347
bank_rate_daily,1911-01-27,1914,1287
bank_rate_daily,1911-03-08,1914,1247
bank_rate_daily,1911-09-19,1914,1052
bank_rate_daily,1912-02-06,1914,912
bank_rate_daily,1912-05-06,1914,822
bank_rate_daily,1912-08-29,1914,707
bank_rate_daily,1912-10-18,1914,657
bank_rate_daily,1913-04-16,1914,477
bank_rate_daily,1913-09-28,1914,312
bank_rate_daily,1914-01-06,1914,212
bank_rate_daily,1914-01-26,1914,192
bank_rate_daily,1914-07-30,1914,7
bank_rate_daily,1914-08-04,1914,2
bank_rate_daily,1916-07-14,1914,708
bank_rate_daily,1916-12-31,1914,878
crisis_lending_weekly,1889-02-06,1890,647
crisis_lending_weekly,1890-10-29,1890,17
crisis_lending_weekly,1894-04-11,1890,1243
crisis_lending_weekly,1897-12-01,1890,2573
crisis_lending_weekly,1908-04-08,1914,2311
crisis_lending_weekly,1914-08-01,1914,5
crisis_lending_weekly,1916-12-27,1914,874
reserve_ratio_weekly,1855-02-03,1857,1013
reserve_ratio_weekly,1855-03-10,1857,978
reserve_ratio_weekly,1855-04-14,1857,943
reserve_ratio_weekly,1855-05-19,1857,908
reserve_ratio_weekly,1855-06-23,1857,873
reserve_ratio_weekly,1855-07-28,1857,838
reserve_ratio_weekly,1855-09-01,1857,803
reserve_ratio_weekly,1855-10-06,1857,768
reserve_ratio_weekly,1855-11-10,1857,733
reserve_ratio_weekly,1855-12-15,1857,698
reserve_ratio_weekly,1856-01-19,1857,663
reserve_ratio_weekly,1856-03-29,1857,593
reserve_ratio_weekly,1856-05-03,1857,558
reserve_ratio_weekly,1856-06-07,1857,523
reserve_ratio_weekly,1856-07-12,1857,488
reserve_ratio_weekly,1856-08-16,1857,453
reserve_ratio_weekly,1856-09-20,1857,418
reserve_ratio_weekly,1856-10-25,1857,383
reserve_ratio_weekly,1856-11-29,1857,348
reserve_ratio_weekly,1857-01-03,1857,313
reserve_ratio_weekly,1857-02-07,1857,278
reserve_ratio_weekly,1857-03-14,1857,243
reserve_ratio_weekly,1857-04-18,1857,208
reserve_ratio_weekly,1857-05-23,1857,173
reserve_ratio_weekly,1857-06-27,1857,138
reserve_ratio_weekly,1857-08-01,1857,103
reserve_ratio_weekly,1857-09-05,1857,68
reserve_ratio_weekly,1857-10-10,1857,33
reserve_ratio_weekly,1857-11-11,1857,1
reserve_ratio_weekly,1857-12-16,1857,34
reserve_ratio_weekly,1858-01-20,1857,69
reserve_ratio_weekly,1858-02-24,1857,104
reserve_ratio_weekly,1858-05-05,1857,174
reserve_ratio_weekly,1858-06-09,1857,209
reserve_ratio_weekly,1858-07-14,1857,244
reserve_ratio_weekly,1858-08-18,1857,279
reserve_ratio_weekly,1858-09-22,1857,314
reserve_ratio_weekly,1858-10-27,1857,349
reserve_ratio_weekly,1858-12-01,1857,384
reserve_ratio_weekly,1859-01-05,1857,419
reserve_ratio_weekly,1859-02-09,1857,454
reserve_ratio_weekly,1859-03-16,1857,489
reserve_ratio_weekly,1859-04-20,1857,524
reserve_ratio_weekly,1859-05-25,1857,559
reserve_ratio_weekly,1859-08-03,1857,629
reserve_ratio_weekly,1859-09-07,1857,664
reserve_ratio_weekly,1859-10-12,1857,699
reserve_ratio_weekly,1859-11-16,1857,734
reserve_ratio_weekly,1859-12-21,1857,769
reserve_ratio_weekly,1860-01-25,1857,804
reserve_ratio_weekly,1860-02-29,1857,839
reserve_ratio_weekly,1860-04-04,1857,874
reserve_ratio_weekly,1860-05-09,1857,909
reserve_ratio_weekly,1860-07-18,1857,979
reserve_ratio_weekly,1860-08-22,1857,1014
reserve_ratio_weekly,1860-09-26,1857,1049
reserve_ratio_weekly,1860-10-31,1857,1084
reserve_ratio_weekly,1860-12-05,1857,1119
reserve_ratio_weekly,1861-01-09,1857,1154
reserve_ratio_weekly,1861-02-13,1857,1189
reserve_ratio_weekly,1861-04-24,1857,1259
reserve_ratio_weekly,1861-08-07,1857,1364
reserve_ratio_weekly,1861-09-11,1857,1399
reserve_ratio_weekly,1861-11-20,1857,1469
reserve_ratio_weekly,1861-12-25,1857,1504
reserve_ratio_weekly,1862-01-29,1857,1539
reserve_ratio_weekly,1862-05-14,1866,1458
reserve_ratio_weekly,1862-06-18,1866,1423
reserve_ratio_weekly,1862-07-23,1866,1388
reserve_ratio_weekly,1862-10-01,1866,1318
reserve_ratio_weekly,1862-11-05,1866,1283
reserve_ratio_weekly,1862-12-10,1866,1248
reserve_ratio_weekly,1863-01-14,1866,1213
reserve_ratio_weekly,1863-02-18,1866,1178
reserve_ratio_weekly,1863-03-25,1866,1143
reserve_ratio_weekly,1863-04-29,1866,1108
reserve_ratio_weekly,1863-06-03,1866,1073
reserve_ratio_weekly,1863-07-08,1866,1038
reserve_ratio_weekly,1863-08-12,1866,1003
reserve_ratio_weekly,1863-09-16,1866,968
reserve_ratio_weekly,1863-10-21,1866,933
reserve_ratio_weekly,1863-11-25,1866,898
reserve_ratio_weekly,1863-12-30,1866,863
reserve_ratio_weekly,1864-02-03,1866,828
reserve_ratio_weekly,1864-03-09,1866,793
reserve_ratio_weekly,1864-04-13,1866,758
reserve_ratio_weekly,1864-05-18,1866,723
reserve_ratio_weekly,1864-06-22,1866,688
reserve_ratio_weekly,1864-08-31,1866,618
reserve_ratio_weekly,1864-10-05,1866,583
reserve_ratio_weekly,1864-11-09,1866,548
reserve_ratio_weekly,1864-12-14,1866,513
reserve_ratio_weekly,1865-01-18,1866,478
reserve_ratio_weekly,1865-03-29,1866,408
reserve_ratio_weekly,1865-05-03,1866,373
reserve_ratio_weekly,1865-06-07,1866,338
reserve_ratio_weekly,1865-07-12,1866,303
reserve_ratio_weekly,1865-08-16,1866,268
reserve_ratio_weekly,1865-09-20,1866,233
reserve_ratio_weekly,1865-10-25,1866,198
reserve_ratio_weekly,1865-11-29,1866,163
reserve_ratio_weekly,1866-01-03,1866,128
reserve_ratio_weekly,1866-02-07,1866,93
reserve_ratio_weekly,1866-03-14,1866,58
reserve_ratio_weekly,1866-04-18,1866,23
reserve_ratio_weekly,1866-05-23,1866,12
reserve_ratio_weekly,1866-06-27,1866,47
reserve_ratio_weekly,1866-08-01,1866,82
reserve_ratio_weekly,1866-09-05,1866,117
reserve_ratio_weekly,1866-10-10,1866,152
reserve_ratio_weekly,1866-11-14,1866,187
reserve_ratio_weekly,1866-12-19,1866,222
reserve_ratio_weekly,1867-01-23,1866,257
reserve_ratio_weekly,1867-04-03,1866,327
reserve_ratio_weekly,1867-05-08,1866,362
reserve_ratio_weekly,1867-06-12,1866,397
reserve_ratio_weekly,1867-07-17,1866,432
reserve_ratio_weekly,1867-08-21,1866,467
reserve_ratio_weekly,1867-09-25,1866,502
reserve_ratio_weekly,1867-12-04,1866,572
reserve_ratio_weekly,1868-01-08,1866,607
reserve_ratio_weekly,1868-03-18,1866,677
reserve_ratio_weekly,1868-04-22,1866,712
reserve_ratio_weekly,1868-05-27,1866,747
reserve_ratio_weekly,1868-08-05,1866,817
reserve_ratio_weekly,1868-09-09,1866,852
reserve_ratio_weekly,1868-10-14,1866,887
reserve_ratio_weekly,1868-11-18,1866,922
reserve_ratio_weekly,1868-12-23,1866,957
reserve_ratio_weekly,1869-01-27,1866,992
reserve_ratio_weekly,1869-03-03,1866,1027
reserve_ratio_weekly,1869-04-07,1866,1062
reserve_ratio_weekly,1869-05-12,1866,1097
reserve_ratio_weekly,1869-06-16,1866,1132
reserve_ratio_weekly,1869-07-21,1866,1167
reserve_ratio_weekly,1869-09-29,1866,1237
reserve_ratio_weekly,1869-11-03,1866,1272
reserve_ratio_weekly,1869-12-08,1866,1307
reserve_ratio_weekly,1870-01-12,1866,1342
reserve_ratio_weekly,1870-02-16,1866,1377
reserve_ratio_weekly,1870-07-06,1866,1517
reserve_ratio_weekly,1870-08-10,1866,1552
reserve_ratio_weekly,1870-09-14,1866,1587
reserve_ratio_weekly,1870-10-19,1866,1622
reserve_ratio_weekly,1870-11-23,1866,1657
reserve_ratio_weekly,1870-12-28,1866,1692
reserve_ratio_weekly,1871-02-01,1866,1727
reserve_ratio_weekly,1871-03-08,1866,1762
reserve_ratio_weekly,1871-04-12,1866,1797
reserve_ratio_weekly,1871-05-17,1866,1832
reserve_ratio_weekly,1871-06-21,1866,1867
reserve_ratio_weekly,1871-07-26,1866,1902
reserve_ratio_weekly,1871-08-30,1866,1937
reserve_ratio_weekly,1871-10-04,1866,1972
reserve_ratio_weekly,1871-11-08,1866,2007
reserve_ratio_weekly,1871-12-13,1866,2042
reserve_ratio_weekly,1872-02-21,1866,2112
reserve_ratio_weekly,1872-03-27,1866,2147
reserve_ratio_weekly,1872-05-01,1866,2182
reserve_ratio_weekly,1872-06-05,1866,2217
reserve_ratio_weekly,1872-07-10,1866,2252
reserve_ratio_weekly,1872-08-14,1866,2287
reserve_ratio_weekly,1872-09-18,1866,2322
reserve_ratio_weekly,1872-10-23,1866,2357
reserve_ratio_weekly,1872-11-27,1866,2392
reserve_ratio_weekly,1873-01-01,1866,2427
reserve_ratio_weekly,1873-02-05,1866,2462
reserve_ratio_weekly,1873-03-12,1866,2497
reserve_ratio_weekly,1873-04-16,1866,2532
reserve_ratio_weekly,1873-05-21,1866,2567
reserve_ratio_weekly,1873-06-25,1866,2602
reserve_ratio_weekly,1873-07-30,1866,2637
reserve_ratio_weekly,1873-09-03,1866,2672
reserve_ratio_weekly,1873-10-08,1866,2707
reserve_ratio_weekly,1873-11-12,1866,2742
reserve_ratio_weekly,1873-12-17,1866,2777
reserve_ratio_weekly,1874-01-21,1866,2812
reserve_ratio_weekly,1874-02-25,1866,2847
reserve_ratio_weekly,1874-04-01,1866,2882
reserve_ratio_weekly,1874-05-06,1866,2917
reserve_ratio_weekly,1874-06-10,1866,2952
reserve_ratio_weekly,1874-08-19,1866,3022
reserve_ratio_weekly,1874-09-23,1866,3057
reserve_ratio_weekly,1874-10-28,1866,3092
reserve_ratio_weekly,1874-12-02,1866,3127
reserve_ratio_weekly,1875-01-06,1866,3162
reserve_ratio_weekly,1875-02-10,1866,3197
reserve_ratio_weekly,1875-03-17,1866,3232
reserve_ratio_weekly,1875-04-21,1866,3267
reserve_ratio_weekly,1875-05-26,1866,3302
reserve_ratio_weekly,1875-06-30,1866,3337
reserve_ratio_weekly,1875-08-04,1866,3372
reserve_ratio_weekly,1875-09-08,1866,3407
reserve_ratio_weekly,1875-10-13,1866,3442
reserve_ratio_weekly,1875-11-17,1866,3477
reserve_ratio_weekly,1875-12-22,1866,3512
reserve_ratio_weekly,1876-01-26,1866,3547
reserve_ratio_weekly,1876-03-01,1866,3582
reserve_ratio_weekly,1876-04-05,1866,3617
reserve_ratio_weekly,1876-05-10,1866,3652
reserve_ratio_weekly,1876-06-14,1866,3687
reserve_ratio_weekly,1876-07-19,1866,3722
reserve_ratio_weekly,1876-08-23,1866,3757
reserve_ratio_weekly,1876-09-27,1866,3792
reserve_ratio_weekly,1876-11-01,1866,3827
reserve_ratio_weekly,1876-12-06,1866,3862
reserve_ratio_weekly,1877-01-10,1866,3897
reserve_ratio_weekly,1877-03-21,1866,3967
reserve_ratio_weekly,1877-04-25,1866,4002
reserve_ratio_weekly,1877-05-30,1866,4037
reserve_ratio_weekly,1877-07-04,1866,4072
reserve_ratio_weekly,1877-08-08,1866,4107
reserve_ratio_weekly,1877-09-12,1866,4142
reserve_ratio_weekly,1877-10-17,1866,4177
reserve_ratio_weekly,1877-11-21,1866,4212
reserve_ratio_weekly,1877-12-24,1866,4245
reserve_ratio_weekly,1878-01-30,1866,4282
reserve_ratio_weekly,1878-03-06,1866,4317
reserve_ratio_weekly,1878-05-15,1866,4387
reserve_ratio_weekly,1878-06-19,1866,4422
reserve_ratio_weekly,1878-07-24,1866,4457
reserve_ratio_weekly,1878-08-28,1890,4462
reserve_ratio_weekly,1878-10-02,1890,4427
reserve_ratio_weekly,1878-11-06,1890,4392
reserve_ratio_weekly,1878-12-11,1890,4357
reserve_ratio_weekly,1879-01-15,1890,4322
reserve_ratio_weekly,1879-02-19,1890,4287
reserve_ratio_weekly,1879-04-30,1890,4217
reserve_ratio_weekly,1879-06-04,1890,4182
reserve_ratio_weekly,1879-08-13,1890,4112
reserve_ratio_weekly,1879-09-17,1890,4077
reserve_ratio_weekly,1879-10-22,1890,4042
reserve_ratio_weekly,1879-11-26,1890,4007
reserve_ratio_weekly,1880-02-04,1890,3937
reserve_ratio_weekly,1880-03-10,1890,3902
reserve_ratio_weekly,1880-04-14,1890,3867
reserve_ratio_weekly,1880-05-19,1890,3832
reserve_ratio_weekly,1880-06-23,1890,3797
reserve_ratio_weekly,1880-07-28,1890,3762
reserve_ratio_weekly,1880-09-01,1890,3727
reserve_ratio_weekly,1880-10-06,1890,3692
reserve_ratio_weekly,1880-11-10,1890,3657
reserve_ratio_weekly,1880-12-15,1890,3622
reserve_ratio_weekly,1881-01-19,1890,3587
reserve_ratio_weekly,1881-02-23,1890,3552
reserve_ratio_weekly,1881-05-04,1890,3482
reserve_ratio_weekly,1881-06-08,1890,3447
reserve_ratio_weekly,1881-07-13,1890,3412
reserve_ratio_weekly,1881-08-17,1890,3377
reserve_ratio_weekly,1881-09-21,1890,3342
reserve_ratio_weekly,1881-10-26,1890,3307
reserve_ratio_weekly,1881-11-30,1890,3272
reserve_ratio_weekly,1882-01-04,1890,3237
reserve_ratio_weekly,1882-02-08,1890,3202
reserve_ratio_weekly,1882-03-15,1890,3167
reserve_ratio_weekly,1882-04-19,1890,3132
reserve_ratio_weekly,1882-06-28,1890,3062
reserve_ratio_weekly,1882-09-06,1890,2992
reserve_ratio_weekly,1882-10-11,1890,2957
reserve_ratio_weekly,1882-11-15,1890,2922
reserve_ratio_weekly,1882-12-20,1890,2887
reserve_ratio_weekly,1883-01-24,1890,2852
reserve_ratio_weekly,1883-02-28,1890,2817
reserve_ratio_weekly,1883-04-04,1890,2782
reserve_ratio_weekly,1883-06-13,1890,2712
reserve_ratio_weekly,1883-07-18,1890,2677
reserve_ratio_weekly,1883-08-22,1890,2642
reserve_ratio_weekly,1883-09-26,1890,2607
reserve_ratio_weekly,1883-12-05,1890,2537
reserve_ratio_weekly,1884-01-09,1890,2502
reserve_ratio_weekly,1884-02-13,1890,2467
reserve_ratio_weekly,1884-03-19,1890,2432
reserve_ratio_weekly,1884-04-23,1890,2397
reserve_ratio_weekly,1884-05-28,1890,2362
reserve_ratio_weekly,1884-07-02,1890,2327
reserve_ratio_weekly,1884-09-10,1890,2257
reserve_ratio_weekly,1884-10-15,1890,2222
reserve_ratio_weekly,1884-11-19,1890,2187
reserve_ratio_weekly,1884-12-24,1890,2152
reserve_ratio_weekly,1885-01-28,1890,2117
reserve_ratio_weekly,1885-04-08,1890,2047
reserve_ratio_weekly,1885-05-13,1890,2012
reserve_ratio_weekly,1885-06-17,1890,1977
reserve_ratio_weekly,1885-07-22,1890,1942
reserve_ratio_weekly,1885-08-26,1890,1907
reserve_ratio_weekly,1885-09-30,1890,1872
reserve_ratio_weekly,1885-11-04,1890,1837
reserve_ratio_weekly,1885-12-09,1890,1802
reserve_ratio_weekly,1886-01-13,1890,1767
reserve_ratio_weekly,1886-03-24,1890,1697
reserve_ratio_weekly,1886-04-28,1890,1662
reserve_ratio_weekly,1886-06-02,1890,1627
reserve_ratio_weekly,1886-07-07,1890,1592
reserve_ratio_weekly,1886-08-11,1890,1557
reserve_ratio_weekly,1886-09-15,1890,1522
reserve_ratio_weekly,1886-10-20,1890,1487
reserve_ratio_weekly,1886-11-24,1890,1452
reserve_ratio_weekly,1886-12-29,1890,1417
reserve_ratio_weekly,1887-02-02,1890,1382
reserve_ratio_weekly,1887-03-09,1890,1347
reserve_ratio_weekly,1887-05-18,1890,1277
reserve_ratio_weekly,1887-06-22,1890,1242
reserve_ratio_weekly,1887-08-31,1890,1172
reserve_ratio_weekly,1887-10-05,1890,1137
reserve_ratio_weekly,1887-11-09,1890,1102
reserve_ratio_weekly,1887-12-14,1890,1067
reserve_ratio_weekly,1888-01-18,1890,1032
reserve_ratio_weekly,1888-02-22,1890,997
reserve_ratio_weekly,1888-03-28,1890,962
reserve_ratio_weekly,1888-06-06,1890,892
reserve_ratio_weekly,1888-07-11,1890,857
reserve_ratio_weekly,1888-08-15,1890,822
reserve_ratio_weekly,1888-09-19,1890,787
reserve_ratio_weekly,1888-10-24,1890,752
reserve_ratio_weekly,1888-11-28,1890,717
reserve_ratio_weekly,1889-01-02,1890,682
reserve_ratio_weekly,1889-02-06,1890,647
reserve_ratio_weekly,1889-03-13,1890,612
reserve_ratio_weekly,1889-05-22,1890,542
reserve_ratio_weekly,1889-06-26,1890,507
reserve_ratio_weekly,1889-07-31,1890,472
reserve_ratio_weekly,1889-09-04,1890,437
reserve_ratio_weekly,1889-10-09,1890,402
reserve_ratio_weekly,1889-12-18,1890,332
reserve_ratio_weekly,1890-01-22,1890,297
reserve_ratio_weekly,1890-02-26,1890,262
reserve_ratio_weekly,1890-04-02,1890,227
reserve_ratio_weekly,1890-05-07,1890,192
reserve_ratio_weekly,1890-06-11,1890,157
reserve_ratio_weekly,1890-07-16,1890,122
reserve_ratio_weekly,1890-08-20,1890,87
reserve_ratio_weekly,1890-09-24,1890,52
reserve_ratio_weekly,1890-10-29,1890,17
reserve_ratio_weekly,1890-12-03,1890,18
reserve_ratio_weekly,1891-01-07,1890,53
reserve_ratio_weekly,1891-02-11,1890,88
reserve_ratio_weekly,1891-03-18,1890,123
reserve_ratio_weekly,1891-04-22,1890,158
reserve_ratio_weekly,1891-05-27,1890,193
reserve_ratio_weekly,1891-07-01,1890,228
reserve_ratio_weekly,1891-08-05,1890,263
reserve_ratio_weekly,1891-09-09,1890,298
reserve_ratio_weekly,1891-10-14,1890,333
reserve_ratio_weekly,1891-11-18,1890,368
reserve_ratio_weekly,1891-12-23,1890,403
reserve_ratio_weekly,1892-01-27,1890,438
reserve_ratio_weekly,1892-03-02,1890,473
reserve_ratio_weekly,1892-04-06,1890,508
reserve_ratio_weekly,1892-05-11,1890,543
reserve_ratio_weekly,1892-07-20,1890,613
reserve_ratio_weekly,1892-08-24,1890,648
reserve_ratio_weekly,1892-09-28,1890,683
reserve_ratio_weekly,1892-11-02,1890,718
reserve_ratio_weekly,1892-12-07,1890,753
reserve_ratio_weekly,1893-01-11,1890,788
reserve_ratio_weekly,1893-02-15,1890,823
reserve_ratio_weekly,1893-03-22,1890,858
reserve_ratio_weekly,1893-04-26,1890,893
reserve_ratio_weekly,1893-05-31,1890,928
reserve_ratio_weekly,1893-07-05,1890,963
reserve_ratio_weekly,1893-08-09,1890,998
reserve_ratio_weekly,1893-10-18,1890,1068
reserve_ratio_weekly,1893-11-22,1890,1103
reserve_ratio_weekly,1893-12-27,1890,1138
reserve_ratio_weekly,1894-01-31,1890,1173
reserve_ratio_weekly,1894-03-07,1890,1208
reserve_ratio_weekly,1894-04-11,1890,1243
reserve_ratio_weekly,1894-05-16,1890,1278
reserve_ratio_weekly,1894-06-20,1890,1313
reserve_ratio_weekly,1894-07-25,1890,1348
reserve_ratio_weekly,1894-08-29,1890,1383
reserve_ratio_weekly,1894-10-03,1890,1418
reserve_ratio_weekly,1894-11-07,1890,1453
reserve_ratio_weekly,1894-12-12,1890,1488
reserve_ratio_weekly,1895-01-16,1890,1523
reserve_ratio_weekly,1895-02-20,1890,1558
reserve_ratio_weekly,1895-03-27,1890,1593
reserve_ratio_weekly,1895-05-01,1890,1628
reserve_ratio_weekly,1895-06-05,1890,1663
reserve_ratio_weekly,1895-07-10,1890,1698
reserve_ratio_weekly,1895-08-14,1890,1733
reserve_ratio_weekly,1895-09-18,1890,1768
reserve_ratio_weekly,1895-11-27,1890,1838
reserve_ratio_weekly,1896-01-01,1890,1873
reserve_ratio_weekly,1896-02-05,1890,1908
reserve_ratio_weekly,1896-03-11,1890,1943
reserve_ratio_weekly,1896-04-15,1890,1978
reserve_ratio_weekly,1896-06-24,1890,2048
reserve_ratio_weekly,1896-09-02,1890,2118
reserve_ratio_weekly,1896-10-07,1890,2153
reserve_ratio_weekly,1896-11-11,1890,2188
reserve_ratio_weekly,1896-12-16,1890,2223
reserve_ratio_weekly,1897-01-20,1890,2258
reserve_ratio_weekly,1897-02-24,1890,2293
reserve_ratio_weekly,1897-03-31,1890,2328
reserve_ratio_weekly,1897-06-09,1890,2398
reserve_ratio_weekly,1897-07-14,1890,2433
reserve_ratio_weekly,1897-08-18,1890,2468
reserve_ratio_weekly,1897-09-22,1890,2503
reserve_ratio_weekly,1897-10-27,1890,2538
reserve_ratio_weekly,1897-12-01,1890,2573
reserve_ratio_weekly,1898-01-05,1890,2608
reserve_ratio_weekly,1898-03-16,1890,2678
reserve_ratio_weekly,1898-04-20,1890,2713
reserve_ratio_weekly,1898-05-25,1890,2748
reserve_ratio_weekly,1898-06-29,1890,2783
reserve_ratio_weekly,1898-08-03,1890,2818
reserve_ratio_weekly,1898-10-12,1890,2888
reserve_ratio_weekly,1898-12-21,1890,2958
reserve_ratio_weekly,1899-01-25,1890,2993
reserve_ratio_weekly,1899-03-01,1890,3028
reserve_ratio_weekly,1899-04-05,1890,3063
reserve_ratio_weekly,1899-06-14,1890,3133
reserve_ratio_weekly,1899-07-19,1890,3168
reserve_ratio_weekly,1899-08-23,1890,3203
reserve_ratio_weekly,1899-09-27,1890,3238
reserve_ratio_weekly,1899-12-06,1890,3308
reserve_ratio_weekly,1900-01-10,1890,3343
reserve_ratio_weekly,1900-02-14,1890,3378
reserve_ratio_weekly,1900-07-04,1890,3518
reserve_ratio_weekly,1900-08-08,1890,3553
reserve_ratio_weekly,1900-09-12,1890,3588
reserve_ratio_weekly,1900-10-17,1890,3623
reserve_ratio_weekly,1900-11-21,1890,3658
reserve_ratio_weekly,1900-12-24,1890,3691
reserve_ratio_weekly,1901-01-30,1890,3728
reserve_ratio_weekly,1901-05-15,1890,3833
reserve_ratio_weekly,1901-06-19,1890,3868
reserve_ratio_weekly,1901-07-24,1890,3903
reserve_ratio_weekly,1901-08-28,1890,3938
reserve_ratio_weekly,1901-10-02,1890,3973
reserve_ratio_weekly,1901-12-11,1890,4043
reserve_ratio_weekly,1902-01-15,1890,4078
reserve_ratio_weekly,1902-02-19,1890,4113
reserve_ratio_weekly,1902-03-26,1890,4148
reserve_ratio_weekly,1902-04-30,1890,4183
reserve_ratio_weekly,1902-06-04,1890,4218
reserve_ratio_weekly,1902-07-09,1890,4253
reserve_ratio_weekly,1902-08-13,1890,4288
reserve_ratio_weekly,1902-09-17,1890,4323
reserve_ratio_weekly,1902-10-22,1914,4306
reserve_ratio_weekly,1902-11-26,1914,4271
reserve_ratio_weekly,1902-12-31,1914,4236
reserve_ratio_weekly,1903-02-04,1914,4201
reserve_ratio_weekly,1903-04-15,1914,4131
reserve_ratio_weekly,1903-05-20,1914,4096
reserve_ratio_weekly,1903-06-24,1914,4061
reserve_ratio_weekly,1903-07-29,1914,4026
reserve_ratio_weekly,1903-09-02,1914,3991
reserve_ratio_weekly,1903-10-07,1914,3956
reserve_ratio_weekly,1903-12-16,1914,3886
reserve_ratio_weekly,1904-01-20,1914,3851
reserve_ratio_weekly,1904-02-24,1914,3816
reserve_ratio_weekly,1904-03-30,1914,3781
reserve_ratio_weekly,1904-05-04,1914,3746
reserve_ratio_weekly,1904-06-08,1914,3711
reserve_ratio_weekly,1904-07-13,1914,3676
reserve_ratio_weekly,1904-08-17,1914,3641
reserve_ratio_weekly,1904-09-21,1914,3606
reserve_ratio_weekly,1904-10-26,1914,3571
reserve_ratio_weekly,1904-11-30,1914,3536
reserve_ratio_weekly,1905-01-04,1914,3501
reserve_ratio_weekly,1905-02-08,1914,3466
reserve_ratio_weekly,1905-03-15,1914,3431
reserve_ratio_weekly,1905-04-19,1914,3396
reserve_ratio_weekly,1905-06-28,1914,3326
reserve_ratio_weekly,1905-08-02,1914,3291
reserve_ratio_weekly,1905-09-06,1914,3256
reserve_ratio_weekly,1905-10-11,1914,3221
reserve_ratio_weekly,1905-12-20,1914,3151
reserve_ratio_weekly,1906-01-24,1914,3116
reserve_ratio_weekly,1906-02-28,1914,3081
reserve_ratio_weekly,1906-04-04,1914,3046
reserve_ratio_weekly,1906-05-09,1914,3011
reserve_ratio_weekly,1906-06-13,1914,2976
reserve_ratio_weekly,1906-07-18,1914,2941
reserve_ratio_weekly,1906-08-22,1914,2906
reserve_ratio_weekly,1906-09-26,1914,2871
reserve_ratio_weekly,1906-10-31,1914,2836
reserve_ratio_weekly,1906-12-05,1914,2801
reserve_ratio_weekly,1907-01-09,1914,2766
reserve_ratio_weekly,1907-02-13,1914,2731
reserve_ratio_weekly,1907-03-20,1914,2696
reserve_ratio_weekly,1907-04-24,1914,2661
reserve_ratio_weekly,1907-05-29,1914,2626
reserve_ratio_weekly,1907-07-03,1914,2591
reserve_ratio_weekly,1907-08-07,1914,2556
reserve_ratio_weekly,1907-10-16,1914,2486
reserve_ratio_weekly,1907-11-20,1914,2451
reserve_ratio_weekly,1907-12-24,1914,2417
reserve_ratio_weekly,1908-01-29,1914,2381
reserve_ratio_weekly,1908-03-04,1914,2346
reserve_ratio_weekly,1908-04-08,1914,2311
reserve_ratio_weekly,1908-06-17,1914,2241
reserve_ratio_weekly,1908-07-22,1914,2206
reserve_ratio_weekly,1908-08-26,1914,2171
reserve_ratio_weekly,1908-09-30,1914,2136
reserve_ratio_weekly,1908-11-04,1914,2101
reserve_ratio_weekly,1908-12-09,1914,2066
reserve_ratio_weekly,1909-01-13,1914,2031
reserve_ratio_weekly,1909-06-02,1914,1891
reserve_ratio_weekly,1909-07-07,1914,1856
reserve_ratio_weekly,1909-08-11,1914,1821
reserve_ratio_weekly,1909-09-15,1914,1786
reserve_ratio_weekly,1909-10-20,1914,1751
reserve_ratio_weekly,1909-11-24,1914,1716
reserve_ratio_weekly,1909-12-29,1914,1681
reserve_ratio_weekly,1910-02-02,1914,1646
reserve_ratio_weekly,1910-03-09,1914,1611
reserve_ratio_weekly,1910-04-13,1914,1576
reserve_ratio_weekly,1910-05-18,1914,1541
reserve_ratio_weekly,1910-06-22,1914,1506
reserve_ratio_weekly,1910-07-27,1914,1471
reserve_ratio_weekly,1910-10-05,1914,1401
reserve_ratio_weekly,1910-11-09,1914,1366
reserve_ratio_weekly,1910-12-14,1914,1331
reserve_ratio_weekly,1911-01-18,1914,1296
reserve_ratio_weekly,1911-02-22,1914,1261
reserve_ratio_weekly,1911-03-29,1914,1226
reserve_ratio_weekly,1911-05-03,1914,1191
reserve_ratio_weekly,1911-06-07,1914,1156
reserve_ratio_weekly,1911-07-12,1914,1121
reserve_ratio_weekly,1911-08-16,1914,1086
reserve_ratio_weekly,1911-09-20,1914,1051
reserve_ratio_weekly,1911-10-25,1914,1016
reserve_ratio_weekly,1911-11-29,1914,981
reserve_ratio_weekly,1912-01-03,1914,946
reserve_ratio_weekly,1912-02-07,1914,911
reserve_ratio_weekly,1912-03-13,1914,876
reserve_ratio_weekly,1912-04-17,1914,841
reserve_ratio_weekly,1912-05-22,1914,806
reserve_ratio_weekly,1912-06-26,1914,771
reserve_ratio_weekly,1912-07-31,1914,736
reserve_ratio_weekly,1912-10-09,1914,666
reserve_ratio_weekly,1912-11-13,1914,631
reserve_ratio_weekly,1912-12-18,1914,596
reserve_ratio_weekly,1913-01-22,1914,561
reserve_ratio_weekly,1913-02-26,1914,526
reserve_ratio_weekly,1913-04-02,1914,491
reserve_ratio_weekly,1913-05-07,1914,456
reserve_ratio_weekly,1913-06-11,1914,421
reserve_ratio_weekly,1913-07-16,1914,386
reserve_ratio_weekly,1913-08-20,1914,351
reserve_ratio_weekly,1913-09-24,1914,316
reserve_ratio_weekly,1913-12-03,1914,246
reserve_ratio_weekly,1914-01-07,1914,211
reserve_ratio_weekly,1914-02-11,1914,176
reserve_ratio_weekly,1914-03-18,1914,141
reserve_ratio_weekly,1914-04-22,1914,106
reserve_ratio_weekly,1914-05-27,1914,71
reserve_ratio_weekly,1914-07-01,1914,36
reserve_ratio_weekly,1914-08-01,1914,5
reserve_ratio_weekly,1914-09-09,1914,34
reserve_ratio_weekly,1914-10-14,1914,69
reserve_ratio_weekly,1914-11-18,1914,104
reserve_ratio_weekly,1915-01-27,1914,174
reserve_ratio_weekly,1915-03-03,1914,209
reserve_ratio_weekly,1915-04-07,1914,244
reserve_ratio_weekly,1915-05-12,1914,279
reserve_ratio_weekly,1915-06-16,1914,314
reserve_ratio_weekly,1915-07-21,1914,349
reserve_ratio_weekly,1915-08-25,1914,384
reserve_ratio_weekly,1915-09-29,1914,419
reserve_ratio_weekly,1915-11-03,1914,454
reserve_ratio_weekly,1915-12-08,1914,489
reserve_ratio_weekly,1916-01-12,1914,524
reserve_ratio_weekly,1916-02-16,1914,559
reserve_ratio_weekly,1916-04-26,1914,629
reserve_ratio_weekly,1916-05-31,1914,664
reserve_ratio_weekly,1916-07-05,1914,699
reserve_ratio_weekly,1916-08-09,1914,734
reserve_ratio_weekly,1916-09-13,1914,769
reserve_ratio_weekly,1916-11-22,1914,839
reserve_ratio_weekly,1916-12-27,1914,874
reserve_weekly,1866-11-14,1866,187
reserve_weekly,1879-02-19,1890,4287
reserve_weekly,1881-07-13,1890,3412
reserve_weekly,1890-12-03,1890,18
reserve_weekly,1894-01-31,1890,1173
reserve_weekly,1895-08-14,1890,1733
reserve_weekly,1896-10-07,1890,2153
reserve_weekly,1907-12-24,1914,2417
reserve_weekly,1914-09-09,1914,34
reserve_weekly,1916-12-27,1914,874
